product_id,Product
1,Squash - Acorn
2,Wine - Magnotta - Cab Sauv
3,Cheese - Parmesan Cubes
4,Chicken - Whole Fryers
5,"Brocolinni - Gaylan, Chinese"
6,Ecolab - Medallion
7,Appetizer - Mango Chevre
8,Wiberg Cure
9,"Juice - Apple, 1.36l"
10,"Zucchini - Mini, Green"
11,Broccoli - Fresh
12,Lettuce - Boston Bib
13,Figs
14,Chocolate - Unsweetened
15,Appetizer - Crab And Brie
16,Bagel - Sesame Seed Presliced
17,"Pasta - Penne Primavera, Single"
18,Barramundi
19,"Wine - Harrow Estates, Vidal"
20,Jameson - Irish Whiskey
21,Beets - Pickled
22,Anisette - Mcguiness
23,Sugar - Splenda Sweetener
24,Wine - Prosecco Valdobienne
25,"Crab - Dungeness, Whole, live"
26,Sobe - Lizard Fuel
27,Kahlua
28,Cookie Dough - Chunky
29,"Pork - Loin, Bone - In"
30,Clam Nectar
31,"Cheese - Havarti, Salsa"
32,"Lamb - Leg, Diced"
33,Beer - Sleemans Honey Brown
34,Teriyaki Sauce
35,Soup Campbells - Italian Wedding
36,Celery Root
37,Cheese - Valancey
38,"Dill - Primerba, Paste"
39,Squid U5 - Thailand
40,Wanton Wrap
41,Chicken - Whole Roasting
42,Venison - Racks Frenched
43,"Crab - Claws, 26 - 30"
44,Rice Wine - Aji Mirin
45,Sprouts - Pea
46,Chef Hat 25cm
47,Apricots - Dried
48,Foam Cup 6 Oz
49,Water - Green Tea Refresher
50,Veal - Liver
51,Wine - Valpolicella Masi
52,Ecolab - Mikroklene 4/4 L
53,Lamb - Sausage Casings
54,Wine - Sicilia Igt Nero Avola
55,Wine - Remy Pannier Rose
56,"Wine - White, Ej"
57,"Nestea - Ice Tea, Diet"
58,Lobak
59,Black Currants
60,Sprouts - Peppercress
61,Napkin - Beverage 1 Ply
62,"Rum - Light, Captain Morgan"
63,Beer - Creemore
64,Ham - Black Forest
65,Wine - Chateau Bonnet
66,Dried Figs
67,"Fish - Atlantic Salmon, Cold"
68,Scotch - Queen Anne
69,Radish - Pickled
70,Rabbit - Whole
71,Shiratamako - Rice Flour
72,Wine - Periguita Fonseca
73,Beans - Yellow
74,"Wine - White, Gewurtzraminer"
75,Vaccum Bag 10x13
76,Cake - Sheet Strawberry
77,"Mushroom - Shitake, Fresh"
78,Bandage - Fexible 1x3
79,"Lemonade - Strawberry, 591 Ml"
80,Pie Box - Cello Window 2.5
81,Tart - Lemon
82,Cheese - Goat
83,Lamb Rack Frenched Australian
84,Instant Coffee
85,Cake - Mini Cheesecake
86,Appetizer - Smoked Salmon / Dill
87,Wine - Gewurztraminer Pierre
88,Egg Patty Fried
89,Sprite - 355 Ml
90,Muffin - Blueberry Individual
91,Cheese - Swiss
92,Artichoke - Fresh
93,Wine - Clavet Saint Emilion
94,Dry Ice
95,Dehydrated Kelp Kombo
96,Wine - White Cab Sauv.on
97,Oil - Shortening - All - Purpose
98,"Pasta - Lasagna, Dry"
99,Cheese - Mozzarella
100,Horseradish Root
